"F_番号","F_分類名","F_払出区分","F_照会項目","F_登録日","F_更新日","F_英語名称"
"0020","電線類","1","","2002/05/23 00:00:00","2002/05/23 00:00:00","WIRE"
"0021","メスコネクタ－","1","","2002/05/23 00:00:00","2002/05/23 00:00:00","CONNECTOR FEMALE"
"0022","オスコネクタ－","1","","2002/05/23 00:00:00","2002/05/23 00:00:00","CONNECTOR MALE"
"0023","ﾋｭｰｽﾞｺﾈｸﾀ","1","","2002/05/23 00:00:00","2002/05/23 00:00:00","CONNECTOR FUSE"
"0024","ｺﾈｸﾀ付属品","1","","2002/05/23 00:00:00","2002/05/23 00:00:00","CONNECTOR ACCESSORY"
"0025","端子類","1","","2002/05/23 00:00:00","2002/05/23 00:00:00","TERMINAL"
"0026","コネクタ－アクセ","1","","2002/05/23 00:00:00","2002/05/23 00:00:00","CONNECTOR ACCESSORY"
"0027","ﾏｰｶｰﾁｭｰﾌﾞ","1","","2002/05/23 00:00:00","2002/05/23 00:00:00","MARKER TUBE"
"0030","スイッチ類","1","","2002/05/23 00:00:00","2002/05/23 00:00:00","SWITCH"
"0031","ヒューズ類","1","","2002/05/23 00:00:00","2002/05/23 00:00:00","FUSE"
"0035","音響機器類","1","","2002/05/23 00:00:00","2002/05/23 00:00:00","PART AUDIO"
"0036","エアコン類","1","","2002/05/23 00:00:00","2002/05/23 00:00:00","AC"
"0037","ランプ類","1","","2002/05/23 00:00:00","2002/05/23 00:00:00","LAMP"
"0038","半導体、抵抗材料","1","","2002/05/23 00:00:00","2002/05/23 00:00:00","SEMICON RESISTER"
"0039","その他電器機器","1","","2002/05/23 00:00:00","2002/05/23 00:00:00","OTHER ELECTRIC PART"
"0040","チュ－ブ類","1","","2002/05/23 00:00:00","2002/05/23 00:00:00","TUBE"
"0041","テ－プ類","1","","2002/05/23 00:00:00","2002/05/23 00:00:00","TABE"
"0042","電線材料","1","","2002/05/23 00:00:00","2002/05/23 00:00:00","ELECTRIC PARTS"
"0043","配線アクセサリ－","1","","2002/05/23 00:00:00","2002/05/23 00:00:00","WIRE ACCESSORY"
"0044","グロメット類","1","","2002/05/23 00:00:00","2002/05/23 00:00:00","GROMET"
"0045","エポキシ接着材","1","","2002/05/23 00:00:00","2002/05/23 00:00:00","GLUE"
"0046","ワイヤ－ステッカ","1","","2002/05/23 00:00:00","2002/05/23 00:00:00","WIRE STECKER"
"0049","その他配線材料","1","","2002/05/23 00:00:00","2002/05/23 00:00:00",""
"0050","ブラケット類","1","","2002/05/23 00:00:00","2002/05/23 00:00:00",""
"0051","ネジ、ボルト類","1","","2002/05/23 00:00:00","2002/05/23 00:00:00",""
"0058","ラベル、ステッカ","1","","2002/05/23 00:00:00","2002/05/23 00:00:00",""
"0060","９９９","1","","2002/05/23 00:00:00","2002/05/23 00:00:00",""
"0080","圧着機パ－ツ","1","","2002/05/23 00:00:00","2002/05/23 00:00:00",""
"0081","梱包材料","1","","2002/05/23 00:00:00","2002/05/23 00:00:00",""
"0082","工場消耗品","1","","2002/05/23 00:00:00","2002/05/23 00:00:00",""
"0090","タコメ－タ－類","1","","2002/05/23 00:00:00","2002/05/23 00:00:00",""
"0095","Ｋ９３５　部品","1","","2002/05/23 00:00:00","2002/05/23 00:00:00",""
"0099","その他原材料","1","","2002/05/23 00:00:00","2002/05/23 00:00:00",""
"0100","ハーネス（切断）","1","","2002/05/23 00:00:00","2002/05/23 00:00:00",""
"0101","ハーネス（製番）","1","","2002/05/23 00:00:00","2002/05/23 00:00:00",""
"0102","バッテリーCABLE","1","","2002/05/23 00:00:00","2002/05/23 00:00:00",""
"0103","ハーネス BEI輸入","1","","2002/05/23 00:00:00","2002/05/23 00:00:00",""
"0104","ハ－ネス(雑品)","1","","2002/05/23 00:00:00","2002/05/23 00:00:00",""
"0110","ｺﾝﾄﾛｰﾗｰASSY","1","","2002/05/23 00:00:00","2002/05/23 00:00:00",""
"0121","COT切断納入品","1","","2002/05/23 00:00:00","2002/05/23 00:00:00",""
"0201","ﾊｰﾈｽ(製番)２","1","","2002/05/23 00:00:00","2002/05/23 00:00:00",""
"0300","荷札なし","1","","2002/05/23 00:00:00","2002/05/23 00:00:00",""
"0301","バッテリ(粟村)","1","","2002/05/23 00:00:00","2002/05/23 00:00:00",""
"0302","インパネ（木屋）","1","","2002/05/23 00:00:00","2002/05/23 00:00:00",""
"0303","南工場（平野）","1","","2002/05/23 00:00:00","2002/05/23 00:00:00",""
"0304","組立（２Ｆ）","1","","2002/05/23 00:00:00","2002/05/23 00:00:00",""
"0305","検査ｼｰﾙのみ無","1","","2002/05/23 00:00:00","2002/05/23 00:00:00",""
"0306","南工場（井上）","1","","2002/05/23 00:00:00","2002/05/23 00:00:00",""
"0307","南工場（粟井）","1","","2002/05/23 00:00:00","2002/05/23 00:00:00",""
"0308","ダミー","1","","2002/05/23 00:00:00","2002/05/23 00:00:00",""
"KB02","ラインＡＳＳ’Ｙ","1","1","2002/05/23 00:00:00","2002/05/23 00:00:00",""
"KB03","ラインハーネス","1","1","2002/05/23 00:00:00","2002/05/23 00:00:00",""
"KB01","ライン外小物（コベルコ）","1","1","2002/05/23 00:00:00","2002/05/23 00:00:00",""
"0999","その他完成品","1","","2002/05/23 00:00:00","2002/05/23 00:00:00",""
"HR01","神鋼播磨シール有","1","","2002/05/23 00:00:00","2002/05/23 00:00:00",""
"AUD","オーストラリア・ドル","1","0","2025/09/09 09:44:41","2025/09/09 09:44:42","Australian Dollar"
"CAD","カナダ・ドル","1","0","2025/09/09 09:44:41","2025/09/09 09:44:42","Canadian Dollar"
"CHF","スイス・フラン","1","0","2025/09/09 09:44:41","2025/09/09 09:44:42","Swiss Franc"
"DKK","デンマーク・クローネ","1","0","2025/09/09 09:44:41","2025/09/09 09:44:42","Danish Krone"
"EUR","ユーロ","A","01","2025/09/09 09:44:41","2025/09/09 09:44:42","Euro"
"GBP","UKポンド","1","0","2025/09/09 09:44:41","2025/09/09 09:44:42","British Pound"
"HKD","香港・ドル","1","0","2025/09/09 09:44:41","2025/09/09 09:44:42","Hong Kong Dollar"
"JPY","日本円","1","0","2025/09/09 09:44:41","2025/09/09 09:44:42","Japanese Yen"
"NOK","ノルウェー・クローネ","1","0","2025/09/09 09:44:41","2025/09/09 09:44:42","Norwegian Kroner"
"NZD","ニュージーランド・ドル","1","0","2025/09/09 09:44:41","2025/09/09 09:44:42","New Zealand Dollar"
"SEK","スウェーデン・クローネ","1","0","2025/09/09 09:44:41","2025/09/09 09:44:42","Swedish Krona"
"SGD","シンガポール・ドル","1","0","2025/09/09 09:44:41","2025/09/09 09:44:42","Singapore Dollar"
"USD","アメリカ・USドル","A","00","2025/09/09 09:44:41","2025/09/09 09:44:42","US Dollar"
"XPF","タヒチ・フラン","1","0","2025/09/09 09:44:41","2025/09/09 09:44:42","Thahitian Franc"
"ZAR","南アフリカ共和国・ランド","1","0","2025/09/09 09:44:41","2025/09/09 09:44:42","South African Rand"
"AED","UAE・ディルハム","2","0","2025/09/09 09:44:41","2025/09/09 09:44:42","UAE Dirham"
"BBD","バルバドス・ドル","2","0","2025/09/09 09:44:41","2025/09/09 09:44:42","Barbados Dollar"
"BDT","バングラディッシュ・タカ","2","0","2025/09/09 09:44:41","2025/09/09 09:44:42","Bangladesh Taka"
"BGN","ブルガリア・レフ","2","0","2025/09/09 09:44:41","2025/09/09 09:44:42","Bulgarian Lev"
"BHD","バーレーン・ディナール","2","0","2025/09/09 09:44:41","2025/09/09 09:44:42","Bahraini Dinar"
"BMD","バミューダ・ドル","2","0","2025/09/09 09:44:41","2025/09/09 09:44:42","Bermudian Dollar"
"BND","ブルネイ・リンギット","2","0","2025/09/09 09:44:41","2025/09/09 09:44:42","Brunei Ringgit"
"BRL","ブラジル・レアル","2","0","2025/09/09 09:44:41","2025/09/09 09:44:42","Brazilian Reals"
"BSD","バハマ・ドル","2","0","2025/09/09 09:44:41","2025/09/09 09:44:42","Bahamian Dollar"
"CNY","中国・人民元","2","0","2025/09/09 09:44:41","2025/09/09 09:44:42","China Renminbi"
"CZK","チェコ・コルナ","2","0","2025/09/09 09:44:41","2025/09/09 09:44:42","Czech Republic Koruna"
"EGP","エジプト・ポンド","2","0","2025/09/09 09:44:41","2025/09/09 09:44:42","Egypt Pound"
"ETB","エチオピア・ビル","2","0","2025/09/09 09:44:41","2025/09/09 09:44:42","Ethiopian Birr"
"FJD","フィジー・ドル","2","0","2025/09/09 09:44:41","2025/09/09 09:44:42","Fiji Dollar"
"HRK","クロアチア・クナ","2","0","2025/09/09 09:44:41","2025/09/09 09:44:42","Croatian Kuna"
"HUF","ハンガリー・フォリント","2","0","2025/09/09 09:44:41","2025/09/09 09:44:42","Hungarian Forint"
"IDR","インドネシア・ルピア","2","0","2025/09/09 09:44:41","2025/09/09 09:44:42","Indonesia Rupiah"
"ILS","イスラエル・新シケル","2","0","2025/09/09 09:44:41","2025/09/09 09:44:42","Israel New Sheqel"
"INR","インド・ルピー","2","0","2025/09/09 09:44:41","2025/09/09 09:44:42","Indian Rupee"
"JMD","ジャマイカ・ドル","2","0","2025/09/09 09:44:41","2025/09/09 09:44:42","Jamaica Dollar"
"JOD","ヨルダン・ディナール","2","0","2025/09/09 09:44:41","2025/09/09 09:44:42","Jordanian Dinar"
"KRW","韓国（大韓民国）・ウォン","2","0","2025/09/09 09:44:41","2025/09/09 09:44:42","Korean Won"
"KWD","クウェート・ディナール","2","0","2025/09/09 09:44:41","2025/09/09 09:44:42","Kuwaiti Dinar"
"LBP","レバノン・ポンド","2","0","2025/09/09 09:44:41","2025/09/09 09:44:42","Lebanon Pound"
"LKR","スリランカ・ルピー","2","0","2025/09/09 09:44:41","2025/09/09 09:44:42","Sri Lanka Rupee"
"MAD","モロッコ・ディルハム","2","0","2025/09/09 09:44:41","2025/09/09 09:44:42","Moroccan Dirham"
"MUR","モーリシャス・ルピー","2","0","2025/09/09 09:44:41","2025/09/09 09:44:42","Mauritius Rupee"
"MWK","マラウイ・クワチャ","2","0","2025/09/09 09:44:41","2025/09/09 09:44:42","Malawi Kwacha"
"MYR","マレーシア・リンギット","2","0","2025/09/09 09:44:41","2025/09/09 09:44:42","Malaysian Ringgit"
"NAD","ナミビア・ドル","2","0","2025/09/09 09:44:41","2025/09/09 09:44:42","Namibian Dollar"
"NGN","ナイジェリア・ナリア","2","0","2025/09/09 09:44:41","2025/09/09 09:44:42","Nigerian Naira"
"NPR","ネパール・ルピー","2","0","2025/09/09 09:44:41","2025/09/09 09:44:42","Nepalese Rupee"
"OMR","オマーン・リアル","2","0","2025/09/09 09:44:41","2025/09/09 09:44:42","Omani Rial"
"PGK","パプワニューギニア・キナ","2","0","2025/09/09 09:44:41","2025/09/09 09:44:42","Papua New Guinea Kina"
"PHP","フィリピン・ペソ","2","0","2025/09/09 09:44:41","2025/09/09 09:44:42","Philippine Peso"
"PLN","ポーランド・ズウォティ","2","0","2025/09/09 09:44:41","2025/09/09 09:44:42","Polish Zloty"
"QAR","カタール・リアル","2","0","2025/09/09 09:44:41","2025/09/09 09:44:42","Quatari Riyals"
"RON","ルーマニア・レウ","2","0","2025/09/09 09:44:41","2025/09/09 09:44:42","Romania Leu"
"SAR","サウディ・リヤル","2","0","2025/09/09 09:44:41","2025/09/09 09:44:42","Saudi Arabian Riyal"
"SBD","ソロモン諸島・ドル","2","0","2025/09/09 09:44:41","2025/09/09 09:44:42","Solomon Island Dollars"
"THB","タイ・バーツ","2","0","2025/09/09 09:44:41","2025/09/09 09:44:42","Thai Baht"
"TND","チュニジア・ディナール","2","0","2025/09/09 09:44:41","2025/09/09 09:44:42","Tunisian Dinar"
"TOP","トンガ王国・パ・アンガ","2","0","2025/09/09 09:44:41","2025/09/09 09:44:42","Tongan Paanga"
"TRY","トルコ・リラ","2","0","2025/09/09 09:44:41","2025/09/09 09:44:42","Turkey, New Lira"
"TTD","トリニダード・トバゴ・ドル","2","0","2025/09/09 09:44:41","2025/09/09 09:44:42","Trinidad and Tobago Dollar"
"TWD","台湾・ドル","2","0","2025/09/09 09:44:41","2025/09/09 09:44:42","Taiwanese Dollar"
"VND","ベトナム・ドン","2","0","2025/09/09 09:44:41","2025/09/09 09:44:42","Vietnam Dong"
"VUV","バヌアツ共和国・バツ","2","0","2025/09/09 09:44:41","2025/09/09 09:44:42","Vanuatu Vatu"
"WST","サモア・ドル","2","0","2025/09/09 09:44:41","2025/09/09 09:44:42","Western Samoan Tala"
"XAF","中央アフリカ・フラン","2","0","2025/09/09 09:44:41","2025/09/09 09:44:42","Central African Frank"
"XCD","東カリブ・ドル","2","0","2025/09/09 09:44:41","2025/09/09 09:44:42","East Caribbean Dollar"
"XOF","ギニアビサウ・フラン","2","0","2025/09/09 09:44:41","2025/09/09 09:44:42","Guinea-Bissau Franc"
"ZMW","ザンビア・クワチャ","2","0","2025/09/09 09:44:41","2025/09/09 09:44:42","Zambia Kwacha"
